name,url,report_name,file_name,file_url
MAR-10448362-1.v1 Volt Typhoon,https://www.cisa.gov/news-events/analysis-reports/ar24-038a,MAR-10448362-1.v1 Volt Typhoon,MAR-10448362.c1.v1.CLEAR_.pdf,https://www.cisa.gov/sites/default/files/2024-02/MAR-10448362.c1.v1.CLEAR_.pdf
MAR-10448362-1.v1 Volt Typhoon,https://www.cisa.gov/news-events/analysis-reports/ar24-038a,AR24-038A STIX JSON,MAR-10448362.c1.v1.CLEAR_stix2.json,https://www.cisa.gov/sites/default/files/2024-02/MAR-10448362.c1.v1.CLEAR_stix2.json
MAR-10478915-1.v1 Citrix Bleed,https://www.cisa.gov/news-events/analysis-reports/ar23-325a,MAR-10478915-1.v1 Citrix Bleed,MAR-10478915.r1.v1.CLEAR_.pdf,https://www.cisa.gov/sites/default/files/2023-11/MAR-10478915.r1.v1.CLEAR_.pdf
MAR-10478915-1.v1 Citrix Bleed,https://www.cisa.gov/news-events/analysis-reports/ar23-325a,AR23-325A JSON,MAR-10478915.r1.v1.CLEAR_stix2.json,https://www.cisa.gov/sites/default/files/2023-11/MAR-10478915.r1.v1.CLEAR_stix2.json
MAR-10430311-1.v1 Multiple Nation-State Threat Actors Exploit CVE-2022-47966 and CVE-2022-42475,https://www.cisa.gov/news-events/analysis-reports/ar23-250a,MAR-10430311-1.v1 Multiple Nation-State Threat Actors Exploit CVE-2022-47966 and CVE-2022-42475,MAR-10430311.c1.v1.CLEAR_.pdf,https://www.cisa.gov/sites/default/files/2023-09/MAR-10430311.c1.v1.CLEAR_.pdf
MAR-10430311-1.v1 Multiple Nation-State Threat Actors Exploit CVE-2022-47966 and CVE-2022-42475,https://www.cisa.gov/news-events/analysis-reports/ar23-250a,AR23-250A JSON,MAR-10430311.c1.v1.CLEAR_stix2.json,https://www.cisa.gov/sites/default/files/2023-09/MAR-10430311.c1.v1.CLEAR_stix2.json
"MAR-10454006.r5.v1 SUBMARINE, SKIPJACK, SEASPRAY, WHIRLPOOL, and SALTWATER Backdoors",https://www.cisa.gov/news-events/analysis-reports/ar23-250a-0,AR23-250A_PDF,MAR-10454006.r5.v1.CLEAR__0.pdf,https://www.cisa.gov/sites/default/files/2023-09/MAR-10454006.r5.v1.CLEAR__0.pdf
"MAR-10454006.r5.v1 SUBMARINE, SKIPJACK, SEASPRAY, WHIRLPOOL, and SALTWATER Backdoors",https://www.cisa.gov/news-events/analysis-reports/ar23-250a-0,AR23-250A_JSON,MAR-10454006.r5.v1.CLEAR_stix2.json,https://www.cisa.gov/sites/default/files/2023-09/MAR-10454006.r5.v1.CLEAR_stix2.json
Infamous Chisel Malware Analysis Report,https://www.cisa.gov/news-events/analysis-reports/ar23-243a,AR23-243A STIX JSON,AR23-243A Infamous Chisel Malware Analysis Report.stix_.json,https://www.cisa.gov/sites/default/files/2023-08/AR23-243A%20Infamous%20Chisel%20Malware%20Analysis%20Report.stix_.json
Infamous Chisel Malware Analysis Report,https://www.cisa.gov/news-events/analysis-reports/ar23-243a,AR23-243A STIX XML,AR23-243A.stix_.xml,https://www.cisa.gov/sites/default/files/2023-08/AR23-243A.stix_.xml
MAR-10459736.r1.v1 WHIRLPOOL Backdoor,https://www.cisa.gov/news-events/analysis-reports/ar23-230a,AR23-230A PDF,MAR-10459736.r1.v1.CLEAR_.pdf,https://www.cisa.gov/sites/default/files/2023-08/MAR-10459736.r1.v1.CLEAR_.pdf
MAR-10459736.r1.v1 WHIRLPOOL Backdoor,https://www.cisa.gov/news-events/analysis-reports/ar23-230a,AR23-230A JSON,MAR-10459736.r1.v1.CLEAR_stix2.json,https://www.cisa.gov/sites/default/files/2023-08/MAR-10459736.r1.v1.CLEAR_stix2.json
MAR-10454006.r4.v2 SEASPY and WHIRLPOOL Backdoors,https://www.cisa.gov/news-events/analysis-reports/ar23-221a,AR23-221A PDF,MAR-10454006.r4.v2.CLEAR_.pdf,https://www.cisa.gov/sites/default/files/2023-08/MAR-10454006.r4.v2.CLEAR_.pdf
MAR-10454006.r4.v2 SEASPY and WHIRLPOOL Backdoors,https://www.cisa.gov/news-events/analysis-reports/ar23-221a,AR23-221A JSON,MAR-10454006.r4.v2.CLEAR_stix2.json,https://www.cisa.gov/sites/default/files/2023-08/MAR-10454006.r4.v2.CLEAR_stix2.json
MAR-10454006-r1.v2 SUBMARINE Backdoor,https://www.cisa.gov/news-events/analysis-reports/ar23-209a,AR23-209A PDF,MAR-10454006.r1.v2.CLEAR_.pdf,https://www.cisa.gov/sites/default/files/2023-07/MAR-10454006.r1.v2.CLEAR_.pdf
MAR-10454006-r1.v2 SUBMARINE Backdoor,https://www.cisa.gov/news-events/analysis-reports/ar23-209a,AR23-209A JSON,MAR-10454006.r1.v2.CLEAR_stix2.json,https://www.cisa.gov/sites/default/files/2023-07/MAR-10454006.r1.v2.CLEAR_stix2.json
MAR-10454006-r2.v1 SEASPY Backdoor,https://www.cisa.gov/news-events/analysis-reports/ar23-209b,AR23-209B PDF,MAR-10454006.r2.v1.CLEAR_.pdf,https://www.cisa.gov/sites/default/files/2023-07/MAR-10454006.r2.v1.CLEAR_.pdf
MAR-10454006-r2.v1 SEASPY Backdoor,https://www.cisa.gov/news-events/analysis-reports/ar23-209b,AR23-209B JSON,MAR-10454006.r2.v1.CLEAR_stix2.json,https://www.cisa.gov/sites/default/files/2023-07/MAR-10454006.r2.v1.CLEAR_stix2.json
MAR-10454006-r3.v1 Exploit Payload Backdoor,https://www.cisa.gov/news-events/analysis-reports/ar23-209c,AR23-209C PDF,MAR-10454006.r3.v1.CLEAR_.pdf,https://www.cisa.gov/sites/default/files/2023-07/MAR-10454006.r3.v1.CLEAR_.pdf
MAR-10454006-r3.v1 Exploit Payload Backdoor,https://www.cisa.gov/news-events/analysis-reports/ar23-209c,AR23-209C JSON,MAR-10454006.r3.v1.CLEAR_stix2.json,https://www.cisa.gov/sites/default/files/2023-07/MAR-10454006.r3.v1.CLEAR_stix2.json
MAR-10445155-1.v1 Truebot Activity Infects U.S. and Canada Based Networks,https://www.cisa.gov/news-events/analysis-reports/ar23-187a,MAR-10445155-1.v1 Truebot Activity Infects U.S. and Canada Based Networks,MAR-10445155.r1.v1.CLEAR_.pdf,https://www.cisa.gov/sites/default/files/2023-07/MAR-10445155.r1.v1.CLEAR_.pdf
MAR-10445155-1.v1 Truebot Activity Infects U.S. and Canada Based Networks,https://www.cisa.gov/news-events/analysis-reports/ar23-187a,AA23-187A STIX XML,AA23-187A.stix_.xml,https://www.cisa.gov/sites/default/files/2023-07/AA23-187A.stix_.xml
MAR-10445155-1.v1 Truebot Activity Infects U.S. and Canada Based Networks,https://www.cisa.gov/news-events/analysis-reports/ar23-187a,MAR-10445155-1.v1 STIX JSON,MAR-10445155.r1.v1.CLEAR_stix.json,https://www.cisa.gov/sites/default/files/2023-07/MAR-10445155.r1.v1.CLEAR_stix.json
MAR-10443863-1.v1 CVE-2017-9248 Exploitation in U.S. Government IIS Server,https://www.cisa.gov/news-events/analysis-reports/ar23-166a,MAR-10443863.r1.v1,MAR-10443863.r1.v1.CLEAR_.pdf,https://www.cisa.gov/sites/default/files/2023-06/MAR-10443863.r1.v1.CLEAR_.pdf
MAR-10443863-1.v1 CVE-2017-9248 Exploitation in U.S. Government IIS Server,https://www.cisa.gov/news-events/analysis-reports/ar23-166a,AA23-074A.stix,AA23-074A.stix_.xml,https://www.cisa.gov/sites/default/files/2023-06/AA23-074A.stix_.xml
MAR-10435108-1.v1 ICONICSTEALER,https://www.cisa.gov/news-events/analysis-reports/ar23-110a,MAR-10435108-1.v1 ICONICSTEALER,mar-10435108.r1.v1.clear_.pdf,https://www.cisa.gov/sites/default/files/2023-04/mar-10435108.r1.v1.clear_.pdf
MAR-10413062-1.v1 Telerik Vulnerability in U.S. Government IIS Server,https://www.cisa.gov/news-events/analysis-reports/ar23-074a,MAR-10413062-1.v1 Telerik Vulnerability in U.S. Government IIS Server,mar-10413062-1.v1_telerik_vulnerability_in_u.s._government_iis_server_1.pdf,https://www.cisa.gov/sites/default/files/2023-03/mar-10413062-1.v1_telerik_vulnerability_in_u.s._government_iis_server_1.pdf
MAR-10413062-1.v1 Telerik Vulnerability in U.S. Government IIS Server,https://www.cisa.gov/news-events/analysis-reports/ar23-074a,AA23-074A STIX XML,aa23-074a.stix__0.xml,https://www.cisa.gov/sites/default/files/2023-03/aa23-074a.stix__0.xml
MAR-10365227-1.v1 - Impacket,https://www.cisa.gov/news-events/analysis-reports/ar22-277a,MAR-10365227.r1.v1 - Impacket,mar-10365227.r1.v1.clear_.pdf,https://www.cisa.gov/sites/default/files/2023-06/mar-10365227.r1.v1.clear_.pdf
MAR-10365227-1.v1 - Impacket,https://www.cisa.gov/news-events/analysis-reports/ar22-277a,MAR-10365227.r1.v1 STIX XML,mar-10365227.r1.v1.clear_stix.xml,https://www.cisa.gov/sites/default/files/2023-06/mar-10365227.r1.v1.clear_stix.xml
MAR-10365227-2.v1 - Impacket 2,https://www.cisa.gov/news-events/analysis-reports/ar22-277b,MAR-10365227-2.v1 - Impacket 2,mar-10365227.r2.v1.clear_.pdf,https://www.cisa.gov/sites/default/files/2023-06/mar-10365227.r2.v1.clear_.pdf
MAR-10365227-2.v1 - Impacket 2,https://www.cisa.gov/news-events/analysis-reports/ar22-277b,MAR-10365227.r2.v1 STIX XML,mar-10365227.r2.v1.clear_stix.xml,https://www.cisa.gov/sites/default/files/2023-06/mar-10365227.r2.v1.clear_stix.xml
MAR-10365227-3.v1 - Impacket 3,https://www.cisa.gov/news-events/analysis-reports/ar22-277c,MAR-10365227.r3.v1 - Impacket 3,mar-10365227.r3.v1.clear_.pdf,https://www.cisa.gov/sites/default/files/2023-06/mar-10365227.r3.v1.clear_.pdf
MAR-10365227-3.v1 - Impacket 3,https://www.cisa.gov/news-events/analysis-reports/ar22-277c,MAR-10365227.r3.v1 STIX XML,mar-10365227.r3.v1.clear_stix.xml,https://www.cisa.gov/sites/default/files/2023-06/mar-10365227.r3.v1.clear_stix.xml
MAR-10365227-2.v1,https://www.cisa.gov/news-events/analysis-reports/ar22-272a,MAR-10365227-2.v1 249B,mar-10365227.r3.v1.clear_stix.xml,https://www.cisa.gov/sites/default/files/publications/MAR-10365227.r1.v1.WHITE_stix.xml
MAR-10400779-1.v1 – Zimbra 1,https://www.cisa.gov/news-events/analysis-reports/ar22-270a,"MAR-10400779.r1.v1.WHITE_stix, 1.3 MB",MAR-10365227.r1.v1.WHITE_stix.xml,https://www.cisa.gov/sites/default/files/publications/MAR-10400779.r1.v1.WHITE_stix.xml
MAR-10386789-1.v1 – Log4Shell,https://www.cisa.gov/news-events/analysis-reports/ar22-203a,MAR-10386789-1.v1.stix,MAR-10400779.r1.v1.WHITE_stix.xml,https://www.cisa.gov/sites/default/files/publications/MAR-10386789-1.v1.stix.xml
MAR-10382580-r2.v1 – RAT,https://www.cisa.gov/news-events/analysis-reports/ar22-197a,MAR-10382580.r2.v1.WHITE_stix,MAR-10386789-1.v1.stix.xml,https://www.cisa.gov/sites/default/files/MAR-10382580.r2.v1.WHITE_stix.xml
MAR-10382580-1.v1 – Unidentified RAT,https://www.cisa.gov/news-events/analysis-reports/ar22-174b,MAR-10382580-1.v1.stix,MAR-10382580.r2.v1.WHITE_stix.xml,https://www.cisa.gov/sites/default/files/publications/MAR-10382580.r1.v1.WHITE_stix.xml
MAR-10382254-1.v1 – C2 RAT,https://www.cisa.gov/news-events/analysis-reports/ar22-174a,MAR-10382254-1.v1.stix,MAR-10382580.r1.v1.WHITE_stix.xml,https://www.cisa.gov/sites/default/files/publications/MAR-10382254.r1.v1.WHITE_stix.xml
MAR-10376640-1.v1 – IsaacWiper and HermeticWizard,https://www.cisa.gov/news-events/analysis-reports/ar22-115b,MAR-10376640-1.v1.stix,MAR-10382254.r1.v1.WHITE_stix.xml,https://www.cisa.gov/sites/default/files/publications/MAR-10376640.r1.v1.WHITE_stix.xml
MAR-10376640-2.v1 – CaddyWiper,https://www.cisa.gov/news-events/analysis-reports/ar22-115c,MAR-10376640-2.v1.stix,MAR-10376640.r1.v1.WHITE_stix.xml,https://www.cisa.gov/sites/default/files/publications/MAR-10376640.r2.v1.WHITE_stix.xml
MAR-10375867-1.v1 – HermeticWiper,https://www.cisa.gov/news-events/analysis-reports/ar22-115a,MAR-10375867-1.v1.stix,MAR-10376640.r2.v1.WHITE_stix.xml,https://www.cisa.gov/sites/default/files/publications/MAR-10375867.r1.v1.WHITE_stix.xml
MAR–10369127–1.v1 – MuddyWater,https://www.cisa.gov/news-events/analysis-reports/ar22-055a,MAR-10369127-1.v1.stix,MAR-10375867.r1.v1.WHITE_stix.xml,https://www.cisa.gov/sites/default/files/publications/MAR-10369127-1.v1.WHITE_stix.xml
MAR-10339606-1.v1: Pulse Secure Connect,https://www.cisa.gov/news-events/analysis-reports/ar21-236e,MAR-10339606-1.v1.stix,MAR-10369127-1.v1.WHITE_stix.xml,https://www.cisa.gov/sites/default/files/publications/MAR-10339606.r1.v1.WHITE.stix.xml
MAR-10334057-3.v1: Pulse Secure Connect,https://www.cisa.gov/news-events/analysis-reports/ar21-236d,MAR-10334057-3.v1.stix,MAR-10339606.r1.v1.WHITE.stix.xml,https://www.cisa.gov/sites/default/files/publications/MAR-10334057.r3.v1.WHITE.stix.xml
MAR-10338401-2.v1: Pulse Secure Connect,https://www.cisa.gov/news-events/analysis-reports/ar21-236c,MAR-10338401-r2.v1.stix,MAR-10334057.r3.v1.WHITE.stix.xml,https://www.cisa.gov/sites/default/files/publications/MAR-10338401.r2.v1.WHITE.stix.xml
MAR-10336935-2.v1: Pulse Secure Connect,https://www.cisa.gov/news-events/analysis-reports/ar21-236a,MAR-10336935-2.v1.stix,MAR-10338401.r2.v1.WHITE.stix.xml,https://www.cisa.gov/sites/default/files/publications/MAR-10336935.r2.v1.WHITE.stix.xml
MAR-10333243-3.v1: Pulse Secure Connect,https://www.cisa.gov/news-events/analysis-reports/ar21-236b,MAR-10333243-3.v1.stix,MAR-10336935.r2.v1.WHITE.stix.xml,https://www.cisa.gov/sites/default/files/publications/MAR-10333243.r3.v1.WHITE.stix.xml
MAR-10333209-1.v1: Pulse Connect Secure,https://www.cisa.gov/news-events/analysis-reports/ar21-202a,MAR-10333209-1.v1.stix,MAR-10333243.r3.v1.WHITE.stix.xml,https://www.cisa.gov/sites/default/files/publications/MAR-10333209.r1.v1.WHITE_stix.xml
MAR-10333243-1.v1: Pulse Connect Secure,https://www.cisa.gov/news-events/analysis-reports/ar21-202b,MAR-10333243-1.v1WHITE.stix,MAR-10333209.r1.v1.WHITE_stix.xml,https://www.cisa.gov/sites/default/files/publications/MAR-10333243.r1.v1.WHITE_stix.xml
MAR-10334057-1.v1: Pulse Secure Connect,https://www.cisa.gov/news-events/analysis-reports/ar21-202c,MAR-10334057-1.v1.WHITE.stix,MAR-10333243.r1.v1.WHITE_stix.xml,https://www.cisa.gov/sites/default/files/publications/MAR-10334057.r1.v1.WHITE_stix.xml
MAR-10334057-2.v1: Pulse Connect Secure,https://www.cisa.gov/news-events/analysis-reports/ar21-202d,MAR-10334057-2.v1.WHITE.stix,MAR-10334057.r1.v1.WHITE_stix.xml,https://www.cisa.gov/sites/default/files/publications/MAR-10334057.r2.v1.WHITE_stix.xml
MAR-10334587-1.v1: Pulse Connect Secure,https://www.cisa.gov/news-events/analysis-reports/ar21-202e,MAR-10334587-1.v1.WHITE.stix,MAR-10334057.r2.v1.WHITE_stix.xml,https://www.cisa.gov/sites/default/files/publications/MAR-10334587.r1.v1.WHITE_stix.xml
MAR-10334587-2.v1: Pulse Connect Secure,https://www.cisa.gov/news-events/analysis-reports/ar21-202f,MAR-10334587-2.v1.WHITE.stix,MAR-10334587.r1.v1.WHITE_stix.xml,https://www.cisa.gov/sites/default/files/publications/MAR-10334587-2.v1.WHITE_stix.xml
MAR-10335467-1.v1: Pulse Connect Secure,https://www.cisa.gov/news-events/analysis-reports/ar21-202g,MAR-10335467-1.v1.WHITE.stix,MAR-10334587-2.v1.WHITE_stix.xml,https://www.cisa.gov/sites/default/files/publications/MAR-10335467-1.v1.WHITE_stix.xml
MAR-10336161-1.v1: Pulse Connect Secure,https://www.cisa.gov/news-events/analysis-reports/ar21-202h,MAR-10336161-1.v1.WHITE.stix,MAR-10335467-1.v1.WHITE_stix.xml,https://www.cisa.gov/sites/default/files/publications/MAR-10336161-1.v1.WHITE_stix.xml
MAR-10336935-1.v1: Pulse Connect Secure,https://www.cisa.gov/news-events/analysis-reports/ar21-202i,MAR-10336935-1.v1.WHITE.stix,MAR-10336161-1.v1.WHITE_stix.xml,https://www.cisa.gov/sites/default/files/publications/MAR-10336935-1.v1.WHITE_stix.xml
MAR-10337580-1.v1: Pulse Connect Secure,https://www.cisa.gov/news-events/analysis-reports/ar21-202j,MAR-10337580-1.v1.WHITE.stix,MAR-10336935-1.v1.WHITE_stix.xml,https://www.cisa.gov/sites/default/files/publications/MAR-10337580-1.v1.WHITE_stix.xml
MAR-10337580-2.v1: Pulse Connect Secure,https://www.cisa.gov/news-events/analysis-reports/ar21-202k,MAR-10337580-2.v1.WHITE.stix,MAR-10337580-1.v1.WHITE_stix.xml,https://www.cisa.gov/sites/default/files/publications/MAR-10337580-2.v1.WHITE_stix.xml
MAR-10338401-1.v1: Pulse Connect Secure,https://www.cisa.gov/news-events/analysis-reports/ar21-202l,MAR-10338401-1.v1.WHITE.stix,MAR-10337580-2.v1.WHITE_stix.xml,https://www.cisa.gov/sites/default/files/publications/MAR-10338401-1.v1.WHITE_stix.xml
MAR-10338868-1.v1: Pulse Connect Secure,https://www.cisa.gov/news-events/analysis-reports/ar21-202m,MAR-10338868-1.v1.WHITE.stix,MAR-10338401-1.v1.WHITE_stix.xml,https://www.cisa.gov/sites/default/files/publications/MAR-10338868-.v1.WHITE_stix.xml
MAR-10337802-1.v1: DarkSide Ransomware,https://www.cisa.gov/news-events/analysis-reports/ar21-189a,MAR-10337802-1.v1.WHITE.stix,MAR-10338868-.v1.WHITE_stix.xml,https://www.cisa.gov/sites/default/files/publications/MAR-10337802-1.v1.WHITE_stix_1.xml
MAR 10339794-1.v1 – Cobalt Strike Beacon,https://www.cisa.gov/news-events/analysis-reports/ar21-148a,MAR-10339794-1.v1.stix,MAR-10337802-1.v1.WHITE_stix_1.xml,https://www.cisa.gov/sites/default/files/2021-05/IB-21-10094.stix.xml
MAR-10324784-1.v1: FiveHands Ransomware,https://www.cisa.gov/news-events/analysis-reports/ar21-126b,MAR-10324784-1.v1.stix,IB-21-10094.stix.xml,https://www.cisa.gov/sites/default/files/publications/MAR-10324784-1.v1.stix.xml
CISA Identifies SUPERNOVA Malware During Incident Response,https://www.cisa.gov/news-events/analysis-reports/ar21-112a,AR21-112A.stix,MAR-10324784-1.v1.stix.xml,https://www.cisa.gov/sites/default/files/publications/AR21_112A.stix.xml
CISA Identifies SUPERNOVA Malware During Incident Response,https://www.cisa.gov/news-events/analysis-reports/ar21-112a,MAR-10319053-1.v1.stix,AR21_112A.stix.xml,https://us-cert.cisa.gov/sites/default/files/publications/MAR-10319053-1.v1.WHITE_stix.xml
MAR-10327841-1.v1 – SUNSHUTTLE,https://www.cisa.gov/news-events/analysis-reports/ar21-105a,MAR-10327841-1.v1.stix,MAR-10319053-1.v1.WHITE_stix.xml,https://www.cisa.gov/sites/default/files/publications/MAR-10327841.r1.v1.stix.xml
MAR-10330097-1.v1: DearCry Ransomware,https://www.cisa.gov/news-events/analysis-reports/ar21-102b,MAR-10330097-1.v1.stix,MAR-10327841.r1.v1.stix.xml,https://www.cisa.gov/sites/default/files/publications/MAR-10330097-1.v1.WHITE_stix.xml
MAR-10331466-1.v1: China Chopper Webshell,https://www.cisa.gov/news-events/analysis-reports/ar21-102a,MAR-10331466-1.v1.stix,MAR-10330097-1.v1.WHITE_stix.xml,https://www.cisa.gov/sites/default/files/publications/MAR-10331466-1.v1.WHITE_stix.xml
MAR-10329496-1.v1: China Chopper Webshell,https://www.cisa.gov/news-events/analysis-reports/ar21-084a,MAR-10329496-1.v1.stix,MAR-10331466-1.v1.WHITE_stix.xml,https://www.cisa.gov/sites/default/files/publications/MAR-10329496-1.v1.WHITE_stix.xml
MAR-10329499-1.v1: China Chopper Webshell,https://www.cisa.gov/news-events/analysis-reports/ar21-084b,MAR-10329499-1.v1.stix,MAR-10329496-1.v1.WHITE_stix.xml,https://www.cisa.gov/sites/default/files/publications/MAR-10329499-1.v1.WHITE_stix.xml
MAR-10328877-1.v1: China Chopper Webshell,https://www.cisa.gov/news-events/analysis-reports/ar21-072a,MAR-10328877-1.v1.stix,MAR-10329499-1.v1.WHITE_stix.xml,https://www.cisa.gov/sites/default/files/publications/MAR-10328877.r1.v1.stix.xml
MAR-10328923-1.v1: China Chopper Webshell,https://www.cisa.gov/news-events/analysis-reports/ar21-072b,MAR-10328923-1.v1.stix,MAR-10328877.r1.v1.stix.xml,https://www.cisa.gov/sites/default/files/publications/MAR-10328923.r1.v1.stix.xml
MAR-10329107-1.v1: China Chopper Webshell,https://www.cisa.gov/news-events/analysis-reports/ar21-072c,MAR-10329107-1.v1.stix,MAR-10328923.r1.v1.stix.xml,https://www.cisa.gov/sites/default/files/publications/MAR-10329107.r1.v1.stix.xml
MAR-10329297-1.v1: China Chopper Webshell,https://www.cisa.gov/news-events/analysis-reports/ar21-072d,MAR-10329297-1.v1.stix,MAR-10329107.r1.v1.stix.xml,https://www.cisa.gov/sites/default/files/publications/MAR-10329297.r1.v1.stix.xml
MAR-10329298-1.v1: China Chopper Webshell,https://www.cisa.gov/news-events/analysis-reports/ar21-072e,MAR-10329298-1.v1.stix,MAR-10329297.r1.v1.stix.xml,https://www.cisa.gov/sites/default/files/publications/MAR-10329298.r1.v1.stix.xml
MAR-10329301-1.v1: China Chopper Webshell,https://www.cisa.gov/news-events/analysis-reports/ar21-072f,MAR-10329301-1.v1.stix,MAR-10329298.r1.v1.stix.xml,https://www.cisa.gov/sites/default/files/publications/MAR-10329301.r1.v1.stix.xml
MAR-10329494-1.v1: China Chopper Webshell,https://www.cisa.gov/news-events/analysis-reports/ar21-072g,MAR-10329494-1.v1.stix,MAR-10329301.r1.v1.stix.xml,https://www.cisa.gov/sites/default/files/publications/MAR-10329494.r1.v1.stix.xml
MAR-10325064-1.v1 - Accellion FTA,https://www.cisa.gov/news-events/analysis-reports/ar21-055a,MAR-10325064-1.v1.stix,MAR-10329494.r1.v1.stix.xml,https://www.cisa.gov/sites/default/files/publications/MAR-10325064.r1.v1.WHITE_stix.xml
MAR-10322463-1.v1 - AppleJeus: Celas Trade Pro,https://www.cisa.gov/news-events/analysis-reports/ar21-048a,MAR-10322463-1.v1.stix,MAR-10325064.r1.v1.WHITE_stix.xml,https://www.cisa.gov/sites/default/files/publications/MAR-10322463-1.v1.WHITE_stix.xml
MAR-10322463-2.v1 - AppleJeus: JMT Trading,https://www.cisa.gov/news-events/analysis-reports/ar21-048b,MAR-10322463-2.v1.stix,MAR-10322463-1.v1.WHITE_stix.xml,https://www.cisa.gov/sites/default/files/publications/MAR-10322463-2.v1.WHITE_stix.xml
MAR-10322463-3.v1 - AppleJeus: Union Crypto,https://www.cisa.gov/news-events/analysis-reports/ar21-048c,MAR-10322463-3.v1.stix,MAR-10322463-2.v1.WHITE_stix.xml,https://www.cisa.gov/sites/default/files/publications/MAR-10322463-3.v1.WHITE_stix.xml
MAR-10322463-5.v1 - AppleJeus: CoinGoTrade,https://www.cisa.gov/news-events/analysis-reports/ar21-048e,MAR-10322463-5.v1.stix,MAR-10322463-3.v1.WHITE_stix.xml,https://www.cisa.gov/sites/default/files/publications/MAR-10322463-5.v1.WHITE_stix.xml
MAR-10322463-6.v1 - AppleJeus: Dorusio,https://www.cisa.gov/news-events/analysis-reports/ar21-048f,MAR-10322463-6.v1.stix,MAR-10322463-5.v1.WHITE_stix.xml,https://www.cisa.gov/sites/default/files/publications/MAR-10322463-6.v1.WHITE_stix.xml
MAR-10322463-7.v1 - AppleJeus: Ants2Whale,https://www.cisa.gov/news-events/analysis-reports/ar21-048g,MAR-10322463-7.v1.stix,MAR-10322463-6.v1.WHITE_stix.xml,https://www.cisa.gov/sites/default/files/publications/MAR-10322463-7.v1.WHITE_stix.xml
MAR-10322463-4.v1 - AppleJeus: Kupay Wallet,https://www.cisa.gov/news-events/analysis-reports/ar21-048d,MAR-10322463-4.v1.stix,MAR-10322463-7.v1.WHITE_stix.xml,https://us-cert.cisa.gov/sites/default/files/publications/MAR-10322463-4.v1.WHITE_stix.xml
MAR-10318845-1.v1 - SUNBURST,https://www.cisa.gov/news-events/analysis-reports/ar21-039a,MAR-10318845-1.v1.stix,MAR-10322463-4.v1.WHITE_stix.xml,https://www.cisa.gov/sites/default/files/publications/MAR-10318845-1.v1.WHITE_stix.xml
MAR-10320115-1.v1 - TEARDROP,https://www.cisa.gov/news-events/analysis-reports/ar21-039b,MAR-10320115-1.v1.stix,MAR-10318845-1.v1.WHITE_stix.xml,https://www.cisa.gov/sites/default/files/publications/MAR-10320115-1.v1.WHITE_stix.xml
MAR-10319053-1.v2 - Supernova,https://www.cisa.gov/news-events/analysis-reports/ar21-027a,MAR-10319053-1.v2.stix,MAR-10320115-1.v1.WHITE_stix.xml,https://www.cisa.gov/sites/default/files/publications/MAR-10319053.r1.v2.WHITE_stix.xml
Strengthening Security Configurations to Defend Against Attackers Targeting Cloud Services,https://www.cisa.gov/news-events/analysis-reports/ar21-013a,AR21-013A.stix,MAR-10319053.r1.v2.WHITE_stix.xml,https://www.cisa.gov/sites/default/files/publications/AR21-013A.stix.xml
MAR-10310246-2.v1 – PowerShell Script: ComRAT,https://www.cisa.gov/news-events/analysis-reports/ar20-303a,MAR-10310246-2.v1.WHITE.stix,AR21-013A.stix.xml,https://us-cert.cisa.gov/sites/default/files/publications/MAR-10310246-2.v1.WHITE.stix.xml
MAR-10310246-1.v1 – ZEBROCY Backdoor,https://www.cisa.gov/news-events/analysis-reports/ar20-303b,MAR-10310246-1.v1,MAR-10310246-2.v1.WHITE.stix.xml,https://www.cisa.gov/sites/default/files/publications/MAR-10310246-1.v1.WHITE.stix.xml
MAR-10303705-1.v1 – Remote Access Trojan: SLOTHFULMEDIA,https://www.cisa.gov/news-events/analysis-reports/ar20-275a,MAR-10303705-1.v1.stix,MAR-10310246-1.v1.WHITE.stix.xml,https://www.cisa.gov/sites/default/files/publications/MAR-10303705-1.v1.stix.xml
Federal Agency Compromised by Malicious Cyber Actor,https://www.cisa.gov/news-events/analysis-reports/ar20-268a,AA20-268A.stix,MAR-10303705-1.v1.stix.xml,https://us-cert.cisa.gov/sites/default/files/publications/AR20-268A.stix.xml
MAR-10301706-1.v1 - North Korean Remote Access Tool: ECCENTRICBANDWAGON,https://www.cisa.gov/news-events/analysis-reports/ar20-239a,MAR-10301706-1.v1.stix,AR20-268A.stix.xml,https://www.cisa.gov/sites/default/files/publications/MAR-10301706-1.v1.WHITE.stix.xml
MAR-10301706-2.v1 - North Korean Remote Access Tool: VIVACIOUSGIFT,https://www.cisa.gov/news-events/analysis-reports/ar20-239b,MAR-10301706-2.v1.stix,MAR-10301706-1.v1.WHITE.stix.xml,https://www.cisa.gov/sites/default/files/publications/MAR-10301706-2.v1.WHITE.stix.xml
MAR-10257062-1.v2 - North Korean Remote Access Tool: FASTCASH for Windows,https://www.cisa.gov/news-events/analysis-reports/ar20-239c,MAR-10257062-1.v2.stix,MAR-10301706-2.v1.WHITE.stix.xml,https://www.cisa.gov/sites/default/files/publications/MAR-10257062-1.v2.WHITE.stix.xml
MAR-10295134-1.v1  – North Korean Remote Access Trojan: BLINDINGCAN,https://www.cisa.gov/news-events/analysis-reports/ar20-232a,MAR-10295134-1.v1.stix,MAR-10257062-1.v2.WHITE.stix.xml,https://us-cert.cisa.gov/sites/default/files/publications/MAR-10295134-1.v1.WHITE_stix.xml
MAR-10292089-1.v2 – Chinese Remote Access Trojan: TAIDOOR,https://www.cisa.gov/news-events/analysis-reports/ar20-216a,MAR-10292089-1.v2.stix,MAR-10295134-1.v1.WHITE_stix.xml,https://www.cisa.gov/sites/default/files/publications/MAR-10292089-1.v2.stix.xml
MAR-10296782-1.v1 – SOREFANG,https://www.cisa.gov/news-events/analysis-reports/ar20-198a,MAR-10296782-1.v1.stix,MAR-10292089-1.v2.stix.xml,https://us-cert.cisa.gov/sites/default/files/publications/MAR-10296782-1.v1.stix.xml
MAR-10296782-2.v1 –  WELLMESS,https://www.cisa.gov/news-events/analysis-reports/ar20-198b,MAR-10296782-2.v1.stix,MAR-10296782-1.v1.stix.xml,https://us-cert.cisa.gov/sites/default/files/publications/MAR-10296782-2.v1.stix.xml
MAR-10296782-3.v1 – WELLMAIL,https://www.cisa.gov/news-events/analysis-reports/ar20-198c,MAR-10296782-3.v1.stix,MAR-10296782-2.v1.stix.xml,https://us-cert.cisa.gov/sites/default/files/publications/MAR-10296782-3.v1.stix.xml
MAR-10288834-1.v1 – North Korean Remote Access Tool: COPPERHEDGE,https://www.cisa.gov/news-events/analysis-reports/ar20-133a,MAR-10288834-1.v1.stix,MAR-10296782-3.v1.stix.xml,https://www.us-cert.gov/sites/default/files/publications/MAR-10288834-1.v1.stix.xml
MAR-10288834-2.v1 – North Korean Trojan: TAINTEDSCRIBE,https://www.cisa.gov/news-events/analysis-reports/ar20-133b,MAR-10288834-2.v1.stix,MAR-10288834-1.v1.stix.xml,https://www.us-cert.gov/sites/default/files/publications/MAR-10288834-2.v1.stix.xml
MAR-10288834-3.v1 – North Korean Trojan: PEBBLEDASH,https://www.cisa.gov/news-events/analysis-reports/ar20-133c,MAR-10288834-3.v1.stix,MAR-10288834-2.v1.stix.xml,https://www.us-cert.gov/sites/default/files/publications/MAR-10288834-3.v1.stix.xml
MIFR-10121050-1.v2,https://www.cisa.gov/news-events/analysis-reports/ar20-133p,MIFR-10121050-1.v2.stix,MAR-10288834-3.v1.stix.xml,https://www.cisa.gov/sites/default/files/publications/MIFR-10121050-1.v2.stix.xml
MIFR-10079683-1.v2,https://www.cisa.gov/news-events/analysis-reports/ar20-133o,MIFR-10079683-1.v2.stix,MIFR-10121050-1.v2.stix.xml,https://www.cisa.gov/sites/default/files/publications/MIFR-10079683-1.v2.stix.xml
MIFR-10079682-1.v2,https://www.cisa.gov/news-events/analysis-reports/ar20-133n,MIFR-10079682-1.v2.stix,MIFR-10079683-1.v2.stix.xml,https://www.cisa.gov/sites/default/files/publications/MIFR-10079682-1.v2.stix.xml
MIFR-10077745-1.v2,https://www.cisa.gov/news-events/analysis-reports/ar20-133m,MIFR-10077745-1.v2.stix,MIFR-10079682-1.v2.stix.xml,https://www.cisa.gov/sites/default/files/publications/MIFR-10077745-1.v2.stix.xml
MIFR-10056799-1.v2,https://www.cisa.gov/news-events/analysis-reports/ar20-133l,MIFR-10056799-1.v2.stix,MIFR-10077745-1.v2.stix.xml,https://www.cisa.gov/sites/default/files/publications/MIFR-10056799-1.v2.stix.xml
MAR-10160323-1.v2,https://www.cisa.gov/news-events/analysis-reports/ar20-133d,MAR-10160323-1.v2.stix,MIFR-10056799-1.v2.stix.xml,https://www.cisa.gov/sites/default/files/publications/MAR-10160323-1.v2.stix.xml
MIFR-10050855-1.v2,https://www.cisa.gov/news-events/analysis-reports/ar20-133k,MIFR-10050855-1.v2.stix,MAR-10160323-1.v2.stix.xml,https://www.cisa.gov/sites/default/files/publications/MIFR-10050855-1.v2.stix.xml
MIFR-10027371-1.v2,https://www.cisa.gov/news-events/analysis-reports/ar20-133j,MIFR-10027371-1.v2.stix,MIFR-10050855-1.v2.stix.xml,https://www.cisa.gov/sites/default/files/publications/MIFR-10027371-1.v2.stix.xml
MIFR-00435108-1.v2,https://www.cisa.gov/news-events/analysis-reports/ar20-133i,MIFR-00435108-1.v2.stix,MIFR-10027371-1.v2.stix.xml,https://www.cisa.gov/sites/default/files/publications/MIFR-00435108-1.v2.stix.xml
MAR-10285677-3.v1,https://www.cisa.gov/news-events/analysis-reports/ar20-133h,MAR-10285677-3.v1.stix,MIFR-00435108-1.v2.stix.xml,https://www.cisa.gov/sites/default/files/publications/MAR-10285677-3.v1.stix.xml
MAR-10285677-2.v1,https://www.cisa.gov/news-events/analysis-reports/ar20-133g,MAR-10285677-2.v1.stix,MAR-10285677-3.v1.stix.xml,https://www.cisa.gov/sites/default/files/publications/MAR-10285677-2.v1.stix.xml
MAR-10211350-1.v2,https://www.cisa.gov/news-events/analysis-reports/ar20-133e,MAR-10211350-1.v2.stix,MAR-10285677-2.v1.stix.xml,https://www.cisa.gov/sites/default/files/publications/MAR-10211350-1.v2.stix.xml
MAR-10265965-1.v1 – North Korean Trojan: BISTROMATH,https://www.cisa.gov/news-events/analysis-reports/ar20-045a,MAR-101265965-1.v1.stix,MAR-10211350-1.v2.stix.xml,https://www.us-cert.gov/sites/default/files/publications/MAR-10265965-1.v1.stix.xml
MAR-10271944-1.v1 – North Korean Trojan: HOTCROISSANT,https://www.cisa.gov/news-events/analysis-reports/ar20-045d,MAR-10271944-1.v1.stix,MAR-10265965-1.v1.stix.xml,https://www.us-cert.gov/sites/default/files/publications/MAR-10271944-1.v1.stix.xml
MAR-10265965-3.v1 – North Korean Trojan: CROWDEDFLOUNDER,https://www.cisa.gov/news-events/analysis-reports/ar20-045c,MAR-10265965-3.v1.stix,MAR-10271944-1.v1.stix.xml,https://www.us-cert.gov/sites/default/files/publications/MAR-10265965-3.v1.stix.xml
MAR-10271944-3.v1 – North Korean Trojan: BUFFETLINE,https://www.cisa.gov/news-events/analysis-reports/ar20-045f,MAR-10271944-3.v1.stix,MAR-10265965-3.v1.stix.xml,https://www.us-cert.gov/sites/default/files/publications/MAR-10271944-3.v1.stix.xml
MAR-10271944-2.v1 – North Korean Trojan: ARTFULPIE,https://www.cisa.gov/news-events/analysis-reports/ar20-045e,MAR-10271944-2.v1.stix,MAR-10271944-3.v1.stix.xml,https://www.us-cert.gov/sites/default/files/publications/MAR-10271944-2.v1.stix.xml
MAR-10265965-2.v1 – North Korean Trojan: SLICKSHOES,https://www.cisa.gov/news-events/analysis-reports/ar20-045b,MAR-10265965-2.v1.stix,MAR-10271944-2.v1.stix.xml,https://www.us-cert.gov/sites/default/files/publications/MAR-10265965-2.v1.stix.xml
MAR-10135536-8.v4 – North Korean Trojan: HOPLIGHT,https://www.cisa.gov/news-events/analysis-reports/ar20-045g,MAR-10135536-8.v4.stix,MAR-10265965-2.v1.stix.xml,https://www.us-cert.gov/sites/default/files/publications/MAR-10135536-8.v4.stix.xml
MAR-10135536-8 – North Korean Trojan: HOPLIGHT,https://www.cisa.gov/news-events/analysis-reports/ar19-304a,MAR-10135536-8.v2.stix,MAR-10135536-8.v4.stix.xml,https://www.us-cert.gov/sites/default/files/publications/MAR-10135536-8.v2.stix.xml
MAR-10135536-10 – North Korean Trojan: BADCALL,https://www.cisa.gov/news-events/analysis-reports/ar19-252a,MAR-10135536-10.stix,MAR-10135536-8.v2.stix.xml,https://www.us-cert.gov/sites/default/files/publications/MAR-10135536-10.v2.stix.xml
MAR-10135536-21 – North Korean Proxy Malware: ELECTRICFISH,https://www.cisa.gov/news-events/analysis-reports/ar19-252b,MAR-10135536-21.stix,MAR-10135536-10.v2.stix.xml,https://www.us-cert.gov/sites/default/files/publications/MAR-10135536-21.v3.stix.xml
MAR-10135536-21 – North Korean Tunneling Tool: ELECTRICFISH,https://www.cisa.gov/news-events/analysis-reports/ar19-129a,MAR-10135536-21.stix,MAR-10135536-21.v3.stix.xml,https://www.cisa.gov/sites/default/files/publications/MAR-10135536-21.stix.xml
MAR-10135536-8 – North Korean Trojan: HOPLIGHT,https://www.cisa.gov/news-events/analysis-reports/ar19-100a,MAR-10135536-8.stix,MAR-10135536-21.stix.xml,https://www.cisa.gov/sites/default/files/publications/MAR-10135536-8.stix.xml
MAR-10219351.r1.v2 – SamSam1,https://www.cisa.gov/news-events/analysis-reports/ar18-337a,MAR-10219351.r1.v2.stix,MAR-10135536-8.stix.xml,https://www.cisa.gov/sites/default/files/publications/MAR-10219351.r1.v2.stix.xml
MAR-10166283.r1.v1 – SamSam2,https://www.cisa.gov/news-events/analysis-reports/ar18-337b,MAR-10166283.r1.v1.stix,MAR-10219351.r1.v2.stix.xml,https://www.cisa.gov/sites/default/files/publications/MAR-10166283.r1.v1.stix.xml
MAR-10158513.r1.v1 – SamSam3,https://www.cisa.gov/news-events/analysis-reports/ar18-337c,MAR-10158513.r1.v1.stix,MAR-10166283.r1.v1.stix.xml,https://www.cisa.gov/sites/default/files/publications/MAR-10158513.r1.v1.stix.xml
MAR-10164494.r1.v1 – SamSam4,https://www.cisa.gov/news-events/analysis-reports/ar18-337d,MAR-10164494.r1.v1.stix,MAR-10158513.r1.v1.stix.xml,https://www.cisa.gov/sites/default/files/publications/MAR-10164494.r1.v1.stix.xml
MAR-10201537 – HIDDEN COBRA FASTCash-Related Malware,https://www.cisa.gov/news-events/analysis-reports/ar18-275a,MAR-10201537,MAR-10164494.r1.v1.stix.xml,https://www.cisa.gov/sites/default/files/publications/MAR-10201537_stix.xml
MAR-10135536-17 – North Korean Trojan: KEYMARBLE,https://www.cisa.gov/news-events/analysis-reports/ar18-221a,MAR-10135536-17.stix,MAR-10201537_stix.xml,https://www.cisa.gov/sites/default/files/publications/MAR-10135536.r17.v1.WHITE_stix.xml
MAR-10135536-12 – North Korean Trojan: TYPEFRAME,https://www.cisa.gov/news-events/analysis-reports/ar18-165a,MAR-10135536-12.stix,MAR-10135536.r17.v1.WHITE_stix.xml,https://www.cisa.gov/sites/default/files/publications/MAR-10135536-12_WHITE_stix.xml.xml
MAR-10135536-3 - HIDDEN COBRA RAT/Worm,https://www.cisa.gov/news-events/analysis-reports/ar18-149a,MAR-10135536-3.stix,MAR-10135536-12_WHITE_stix.xml.xml,https://www.cisa.gov/sites/default/files/publications/MAR-10135536_3.xml
